security_id,out_degree,in_degree,total_degree
SSE:600018,1,0,1
SSE:600028,2,1,3
SSE:600050,2,3,5
SSE:600098,1,0,1
SSE:600121,1,0,1
SSE:600143,2,2,4
SSE:600150,1,1,2
SSE:600170,1,1,2
SSE:600188,1,2,3
SSE:600219,1,0,1
SSE:600232,1,0,1
SSE:600248,1,0,1
SSE:600271,2,1,3
SSE:600273,1,0,1
SSE:600288,2,0,2
SSE:600348,1,1,2
SSE:600362,1,1,2
SSE:600418,1,2,3
SSE:600446,1,0,1
SSE:600462,1,0,1
SSE:600491,2,0,2
SSE:600515,1,0,1
SSE:600549,1,1,2
SSE:600566,1,0,1
SSE:600569,3,1,4
SSE:600577,2,0,2
SSE:600635,1,0,1
SSE:600754,2,0,2
SSE:600755,1,3,4
SSE:600776,1,0,1
SSE:600801,1,0,1
SSE:600832,1,0,1
SSE:600871,1,0,1
SSE:600875,3,0,3
SSE:600888,4,0,4
SSE:600997,2,0,2
SSE:601001,1,0,1
SSE:601002,1,0,1
SSE:601005,1,1,2
SSE:601006,1,0,1
SSE:601177,1,0,1
SSE:601186,1,3,4
SSE:601226,3,1,4
SSE:601600,1,1,2
SSE:601607,1,5,6
SSE:601668,1,1,2
SSE:601727,3,1,4
SSE:601728,1,4,5
SSE:601766,1,2,3
SSE:601899,1,1,2
SSE:601988,1,8,9
SSE:603081,1,0,1
SSE:603320,1,1,2
SSE:603322,1,0,1
SSE:603713,1,1,2
SSE:603768,1,2,3
SSE:603906,1,0,1
SSE:603990,1,0,1
SSE:605100,1,1,2
SSE:688083,1,0,1
SSE:688171,1,0,1
SSE:688321,1,0,1
SSE:688329,2,0,2
SSE:688336,2,0,2
SSE:688357,1,0,1
SSE:688366,2,0,2
SSE:688408,1,0,1
SSE:688425,1,2,3
SSE:688553,3,0,3
SSE:688799,1,0,1
SZSE:000006,1,1,2
SZSE:000010,1,0,1
SZSE:000026,1,0,1
SZSE:000030,1,1,2
SZSE:000061,1,0,1
SZSE:000066,4,0,4
SZSE:000089,1,0,1
SZSE:000155,1,0,1
SZSE:000158,1,0,1
SZSE:000338,5,1,6
SZSE:000400,1,0,1
SZSE:000404,1,1,2
SZSE:000407,1,0,1
SZSE:000408,1,0,1
SZSE:000409,1,0,1
SZSE:000410,1,0,1
SZSE:000420,1,1,2
SZSE:000488,3,0,3
SZSE:000507,1,0,1
SZSE:000518,1,0,1
SZSE:000520,1,0,1
SZSE:000538,3,0,3
SZSE:000559,2,1,3
SZSE:000581,1,0,1
SZSE:000597,2,0,2
SZSE:000622,1,0,1
SZSE:000626,1,1,2
SZSE:000629,1,1,2
SZSE:000630,1,0,1
SZSE:000657,1,1,2
SZSE:000668,1,0,1
SZSE:000678,1,0,1
SZSE:000683,2,0,2
SZSE:000688,1,0,1
SZSE:000708,5,0,5
SZSE:000709,3,7,10
SZSE:000710,1,0,1
SZSE:000723,2,1,3
SZSE:000748,1,1,2
SZSE:000751,2,0,2
SZSE:000761,1,0,1
SZSE:000778,3,1,4
SZSE:000782,1,0,1
SZSE:000792,3,0,3
SZSE:000795,1,0,1
SZSE:000796,1,1,2
SZSE:000800,2,5,7
SZSE:000807,1,1,2
SZSE:000818,1,0,1
SZSE:000825,3,1,4
SZSE:000850,1,0,1
SZSE:000876,2,1,3
SZSE:000878,2,0,2
SZSE:000882,1,0,1
SZSE:000898,5,6,11
SZSE:000906,1,0,1
SZSE:000911,1,0,1
SZSE:000912,1,0,1
SZSE:000923,1,1,2
SZSE:000929,2,0,2
SZSE:000937,1,0,1
SZSE:000938,1,1,2
SZSE:000949,1,0,1
SZSE:000951,1,3,4
SZSE:000961,1,0,1
SZSE:000983,3,0,3
SZSE:002024,1,0,1
SZSE:002030,1,0,1
SZSE:002048,1,1,2
SZSE:002065,3,0,3
SZSE:002080,1,0,1
SZSE:002089,1,1,2
SZSE:002092,1,0,1
SZSE:002119,1,0,1
SZSE:002128,1,0,1
SZSE:002150,1,0,1
SZSE:002152,1,0,1
SZSE:002182,1,1,2
SZSE:002192,1,0,1
SZSE:002193,1,0,1
SZSE:002202,6,1,7
SZSE:002208,1,0,1
SZSE:002225,2,0,2
SZSE:002232,1,0,1
SZSE:002240,1,0,1
SZSE:002265,1,0,1
SZSE:002285,2,0,2
SZSE:002301,1,0,1
SZSE:002306,1,0,1
SZSE:002309,1,1,2
SZSE:002312,2,1,3
SZSE:002325,1,0,1
SZSE:002381,1,0,1
SZSE:002407,1,0,1
SZSE:002421,1,2,3
SZSE:002430,1,0,1
SZSE:002434,1,0,1
SZSE:002441,2,0,2
SZSE:002465,1,0,1
SZSE:002469,1,0,1
SZSE:002482,1,0,1
SZSE:002484,1,1,2
SZSE:002494,1,0,1
SZSE:002506,1,1,2
SZSE:002533,2,0,2
SZSE:002542,1,0,1
SZSE:002549,1,0,1
SZSE:002560,1,0,1
SZSE:002613,1,0,1
SZSE:002633,1,0,1
SZSE:002642,2,0,2
SZSE:002652,1,0,1
SZSE:002656,1,0,1
SZSE:002657,1,1,2
SZSE:002662,1,2,3
SZSE:002667,1,1,2
SZSE:002682,1,0,1
SZSE:002701,1,0,1
SZSE:002703,3,0,3
SZSE:002707,1,0,1
SZSE:002716,1,0,1
SZSE:002721,1,0,1
SZSE:002756,1,0,1
SZSE:002778,2,0,2
SZSE:002783,1,0,1
SZSE:002816,1,0,1
SZSE:002827,2,0,2
SZSE:002903,1,0,1
SZSE:002906,1,0,1
SZSE:002912,1,0,1
SZSE:002921,1,0,1
SZSE:002943,2,0,2
SZSE:002987,2,0,2
SZSE:002989,1,0,1
SZSE:003030,1,0,1
SZSE:300017,1,0,1
SZSE:300031,1,0,1
SZSE:300081,1,0,1
SZSE:300085,1,0,1
SZSE:300090,1,0,1
SZSE:300095,2,0,2
SZSE:300096,1,0,1
SZSE:300106,1,0,1
SZSE:300110,1,0,1
SZSE:300139,1,0,1
SZSE:300152,1,0,1
SZSE:300160,2,0,2
SZSE:300171,2,0,2
SZSE:300172,1,0,1
SZSE:300175,1,0,1
SZSE:300185,1,0,1
SZSE:300213,2,0,2
SZSE:300215,1,0,1
SZSE:300218,1,0,1
SZSE:300231,4,0,4
SZSE:300245,1,0,1
SZSE:300253,1,1,2
SZSE:300264,1,0,1
SZSE:300266,1,0,1
SZSE:300297,1,0,1
SZSE:300313,1,0,1
SZSE:300322,1,0,1
SZSE:300330,1,0,1
SZSE:300337,1,0,1
SZSE:300358,2,1,3
SZSE:300364,1,0,1
SZSE:300375,3,0,3
SZSE:300376,1,0,1
SZSE:300377,5,0,5
SZSE:300379,2,0,2
SZSE:300380,4,0,4
SZSE:300381,1,0,1
SZSE:300387,1,0,1
SZSE:300397,1,0,1
SZSE:300432,1,0,1
SZSE:300434,1,0,1
SZSE:300448,1,0,1
SZSE:300462,1,0,1
SZSE:300466,2,0,2
SZSE:300473,2,0,2
SZSE:300477,2,0,2
SZSE:300478,1,0,1
SZSE:300479,3,0,3
SZSE:300485,1,0,1
SZSE:300504,3,0,3
SZSE:300527,1,3,4
SZSE:300536,1,0,1
SZSE:300558,1,0,1
SZSE:300560,2,0,2
SZSE:300569,1,1,2
SZSE:300585,1,0,1
SZSE:300621,1,0,1
SZSE:300630,2,0,2
SZSE:300770,1,0,1
SZSE:300838,2,0,2
SZSE:300876,1,0,1
SZSE:300920,1,0,1
SZSE:300983,1,0,1
SZSE:300985,1,0,1
SZSE:300991,1,0,1
SZSE:300999,1,0,1
SZSE:301040,1,0,1
SZSE:301075,1,0,1
SZSE:301100,1,0,1
SZSE:301130,1,0,1
SZSE:301148,1,0,1
SSE:600000,0,1,1
SSE:600006,0,2,2
SSE:600009,0,1,1
SSE:600015,0,4,4
SSE:600030,0,1,1
SSE:600036,0,1,1
SSE:600056,0,1,1
SSE:600132,0,1,1
SSE:600157,0,3,3
SSE:600162,0,1,1
SSE:600221,0,2,2
SSE:600309,0,3,3
SSE:600338,0,1,1
SSE:600351,0,1,1
SSE:600361,0,1,1
SSE:600408,0,1,1
SSE:600503,0,1,1
SSE:600518,0,1,1
SSE:600552,0,1,1
SSE:600562,0,1,1
SSE:600585,0,1,1
SSE:600597,0,1,1
SSE:600600,0,1,1
SSE:600606,0,1,1
SSE:600642,0,1,1
SSE:600685,0,1,1
SSE:600691,0,1,1
SSE:600711,0,1,1
SSE:600713,0,3,3
SSE:600740,0,1,1
SSE:600756,0,1,1
SSE:600761,0,1,1
SSE:600851,0,1,1
SSE:600886,0,3,3
SSE:600905,0,1,1
SSE:600941,0,2,2
SSE:600958,0,1,1
SSE:600999,0,1,1
SSE:601000,0,2,2
SSE:601155,0,1,1
SSE:601166,0,2,2
SSE:601169,0,1,1
SSE:601179,0,1,1
SSE:601212,0,1,1
SSE:601229,0,1,1
SSE:601328,0,5,5
SSE:601390,0,3,3
SSE:601633,0,4,4
SSE:601666,0,1,1
SSE:601818,0,2,2
SSE:601857,0,1,1
SSE:601886,0,1,1
SSE:601929,0,1,1
SSE:601933,0,1,1
SSE:601998,0,5,5
SSE:603195,0,1,1
SSE:603221,0,1,1
SSE:603279,0,1,1
SSE:603329,0,1,1
SSE:603988,0,1,1
SSE:603998,0,1,1
SSE:605208,0,1,1
SSE:688086,0,1,1
SSE:688517,0,1,1
SSE:688569,0,1,1
SZSE:000001,0,2,2
SZSE:000002,0,2,2
SZSE:000011,0,3,3
SZSE:000039,0,3,3
SZSE:000063,0,3,3
SZSE:000069,0,1,1
SZSE:000157,0,1,1
SZSE:000333,0,1,1
SZSE:000417,0,1,1
SZSE:000425,0,1,1
SZSE:000521,0,1,1
SZSE:000539,0,1,1
SZSE:000550,0,1,1
SZSE:000554,0,1,1
SZSE:000572,0,3,3
SZSE:000595,0,2,2
SZSE:000598,0,1,1
SZSE:000610,0,1,1
SZSE:000625,0,1,1
SZSE:000650,0,1,1
SZSE:000652,0,1,1
SZSE:000656,0,1,1
SZSE:000677,0,1,1
SZSE:000680,0,1,1
SZSE:000686,0,1,1
SZSE:000705,0,1,1
SZSE:000768,0,1,1
SZSE:000789,0,1,1
SZSE:000791,0,1,1
SZSE:000803,0,1,1
SZSE:000806,0,1,1
SZSE:000833,0,1,1
SZSE:000848,0,1,1
SZSE:000862,0,1,1
SZSE:000875,0,1,1
SZSE:000880,0,1,1
SZSE:000895,0,1,1
SZSE:000902,0,1,1
SZSE:000903,0,1,1
SZSE:000922,0,1,1
SZSE:000927,0,1,1
SZSE:000939,0,1,1
SZSE:000950,0,3,3
SZSE:000957,0,1,1
SZSE:000963,0,3,3
SZSE:000982,0,1,1
SZSE:000997,0,1,1
SZSE:001289,0,1,1
SZSE:001896,0,1,1
SZSE:002007,0,1,1
SZSE:002008,0,1,1
SZSE:002034,0,1,1
SZSE:002045,0,1,1
SZSE:002064,0,1,1
SZSE:002075,0,1,1
SZSE:002090,0,1,1
SZSE:002091,0,1,1
SZSE:002096,0,1,1
SZSE:002097,0,1,1
SZSE:002115,0,1,1
SZSE:002122,0,1,1
SZSE:002127,0,2,2
SZSE:002140,0,1,1
SZSE:002156,0,1,1
SZSE:002171,0,1,1
SZSE:002204,0,2,2
SZSE:002238,0,1,1
SZSE:002241,0,1,1
SZSE:002260,0,1,1
SZSE:002261,0,1,1
SZSE:002277,0,1,1
SZSE:002296,0,1,1
SZSE:002300,0,2,2
SZSE:002302,0,1,1
SZSE:002310,0,1,1
SZSE:002318,0,1,1
SZSE:002339,0,1,1
SZSE:002350,0,1,1
SZSE:002368,0,1,1
SZSE:002373,0,1,1
SZSE:002390,0,1,1
SZSE:002419,0,3,3
SZSE:002433,0,1,1
SZSE:002444,0,1,1
SZSE:002466,0,1,1
SZSE:002468,0,1,1
SZSE:002488,0,1,1
SZSE:002539,0,2,2
SZSE:002552,0,1,1
SZSE:002554,0,1,1
SZSE:002557,0,1,1
SZSE:002564,0,1,1
SZSE:002574,0,1,1
SZSE:002588,0,2,2
SZSE:002589,0,1,1
SZSE:002594,0,4,4
SZSE:002605,0,1,1
SZSE:002612,0,1,1
SZSE:002614,0,1,1
SZSE:002637,0,1,1
SZSE:002687,0,1,1
SZSE:002693,0,1,1
SZSE:002719,0,2,2
SZSE:002726,0,1,1
SZSE:002788,0,2,2
SZSE:002806,0,1,1
SZSE:002857,0,1,1
SZSE:002879,0,1,1
SZSE:003816,0,2,2
SZSE:300013,0,1,1
SZSE:300015,0,1,1
SZSE:300021,0,1,1
SZSE:300038,0,1,1
SZSE:300040,0,1,1
SZSE:300057,0,2,2
SZSE:300100,0,1,1
SZSE:300120,0,1,1
SZSE:300159,0,1,1
SZSE:300168,0,1,1
SZSE:300188,0,1,1
SZSE:300271,0,1,1
SZSE:300274,0,1,1
SZSE:300275,0,1,1
SZSE:300288,0,1,1
SZSE:300355,0,1,1
SZSE:300362,0,1,1
SZSE:300421,0,1,1
SZSE:300422,0,1,1
SZSE:300423,0,1,1
SZSE:300430,0,2,2
SZSE:300433,0,2,2
SZSE:300459,0,1,1
SZSE:300498,0,1,1
SZSE:300578,0,1,1
SZSE:300624,0,1,1
SZSE:300652,0,1,1
SZSE:300692,0,1,1
SZSE:300767,0,1,1
SZSE:300772,0,1,1
SZSE:300786,0,1,1
SZSE:300850,0,1,1
SZSE:300887,0,1,1
SZSE:300907,0,1,1
SZSE:301081,0,1,1
SZSE:301096,0,1,1
SZSE:301127,0,1,1
