security_id,is_supplier_node,is_customer_node,node_role,supplier_out_degree,customer_in_degree
SSE:600000,False,True,customer,0,1
SSE:600006,False,True,customer,0,2
SSE:600009,False,True,customer,0,1
SSE:600015,False,True,customer,0,4
SSE:600018,True,False,supplier,1,0
SSE:600028,True,True,both,2,1
SSE:600030,False,True,customer,0,1
SSE:600036,False,True,customer,0,1
SSE:600050,True,True,both,2,3
SSE:600056,False,True,customer,0,1
SSE:600098,True,False,supplier,1,0
SSE:600121,True,False,supplier,1,0
SSE:600132,False,True,customer,0,1
SSE:600143,True,True,both,2,2
SSE:600150,True,True,both,1,1
SSE:600157,False,True,customer,0,3
SSE:600162,False,True,customer,0,1
SSE:600170,True,True,both,1,1
SSE:600188,True,True,both,1,2
SSE:600219,True,False,supplier,1,0
SSE:600221,False,True,customer,0,2
SSE:600232,True,False,supplier,1,0
SSE:600248,True,False,supplier,1,0
SSE:600271,True,True,both,2,1
SSE:600273,True,False,supplier,1,0
SSE:600288,True,False,supplier,2,0
SSE:600309,False,True,customer,0,3
SSE:600338,False,True,customer,0,1
SSE:600348,True,True,both,1,1
SSE:600351,False,True,customer,0,1
SSE:600361,False,True,customer,0,1
SSE:600362,True,True,both,1,1
SSE:600408,False,True,customer,0,1
SSE:600418,True,True,both,1,2
SSE:600446,True,False,supplier,1,0
SSE:600462,True,False,supplier,1,0
SSE:600491,True,False,supplier,2,0
SSE:600503,False,True,customer,0,1
SSE:600515,True,False,supplier,1,0
SSE:600518,False,True,customer,0,1
SSE:600549,True,True,both,1,1
SSE:600552,False,True,customer,0,1
SSE:600562,False,True,customer,0,1
SSE:600566,True,False,supplier,1,0
SSE:600569,True,True,both,3,1
SSE:600577,True,False,supplier,2,0
SSE:600585,False,True,customer,0,1
SSE:600597,False,True,customer,0,1
SSE:600600,False,True,customer,0,1
SSE:600606,False,True,customer,0,1
SSE:600635,True,False,supplier,1,0
SSE:600642,False,True,customer,0,1
SSE:600685,False,True,customer,0,1
SSE:600691,False,True,customer,0,1
SSE:600711,False,True,customer,0,1
SSE:600713,False,True,customer,0,3
SSE:600740,False,True,customer,0,1
SSE:600754,True,False,supplier,2,0
SSE:600755,True,True,both,1,3
SSE:600756,False,True,customer,0,1
SSE:600761,False,True,customer,0,1
SSE:600776,True,False,supplier,1,0
SSE:600801,True,False,supplier,1,0
SSE:600832,True,False,supplier,1,0
SSE:600851,False,True,customer,0,1
SSE:600871,True,False,supplier,1,0
SSE:600875,True,False,supplier,3,0
SSE:600886,False,True,customer,0,3
SSE:600888,True,False,supplier,4,0
SSE:600905,False,True,customer,0,1
SSE:600941,False,True,customer,0,2
SSE:600958,False,True,customer,0,1
SSE:600997,True,False,supplier,2,0
SSE:600999,False,True,customer,0,1
SSE:601000,False,True,customer,0,2
SSE:601001,True,False,supplier,1,0
SSE:601002,True,False,supplier,1,0
SSE:601005,True,True,both,1,1
SSE:601006,True,False,supplier,1,0
SSE:601155,False,True,customer,0,1
SSE:601166,False,True,customer,0,2
SSE:601169,False,True,customer,0,1
SSE:601177,True,False,supplier,1,0
SSE:601179,False,True,customer,0,1
SSE:601186,True,True,both,1,3
SSE:601212,False,True,customer,0,1
SSE:601226,True,True,both,3,1
SSE:601229,False,True,customer,0,1
SSE:601328,False,True,customer,0,5
SSE:601390,False,True,customer,0,3
SSE:601600,True,True,both,1,1
SSE:601607,True,True,both,1,5
SSE:601633,False,True,customer,0,4
SSE:601666,False,True,customer,0,1
SSE:601668,True,True,both,1,1
SSE:601727,True,True,both,3,1
SSE:601728,True,True,both,1,4
SSE:601766,True,True,both,1,2
SSE:601818,False,True,customer,0,2
SSE:601857,False,True,customer,0,1
SSE:601886,False,True,customer,0,1
SSE:601899,True,True,both,1,1
SSE:601929,False,True,customer,0,1
SSE:601933,False,True,customer,0,1
SSE:601988,True,True,both,1,8
SSE:601998,False,True,customer,0,5
SSE:603081,True,False,supplier,1,0
SSE:603195,False,True,customer,0,1
SSE:603221,False,True,customer,0,1
SSE:603279,False,True,customer,0,1
SSE:603320,True,True,both,1,1
SSE:603322,True,False,supplier,1,0
SSE:603329,False,True,customer,0,1
SSE:603713,True,True,both,1,1
SSE:603768,True,True,both,1,2
SSE:603906,True,False,supplier,1,0
SSE:603988,False,True,customer,0,1
SSE:603990,True,False,supplier,1,0
SSE:603998,False,True,customer,0,1
SSE:605100,True,True,both,1,1
SSE:605208,False,True,customer,0,1
SSE:688083,True,False,supplier,1,0
SSE:688086,False,True,customer,0,1
SSE:688171,True,False,supplier,1,0
SSE:688321,True,False,supplier,1,0
SSE:688329,True,False,supplier,2,0
SSE:688336,True,False,supplier,2,0
SSE:688357,True,False,supplier,1,0
SSE:688366,True,False,supplier,2,0
SSE:688408,True,False,supplier,1,0
SSE:688425,True,True,both,1,2
SSE:688517,False,True,customer,0,1
SSE:688553,True,False,supplier,3,0
SSE:688569,False,True,customer,0,1
SSE:688799,True,False,supplier,1,0
SZSE:000001,False,True,customer,0,2
SZSE:000002,False,True,customer,0,2
SZSE:000006,True,True,both,1,1
SZSE:000010,True,False,supplier,1,0
SZSE:000011,False,True,customer,0,3
SZSE:000026,True,False,supplier,1,0
SZSE:000030,True,True,both,1,1
SZSE:000039,False,True,customer,0,3
SZSE:000061,True,False,supplier,1,0
SZSE:000063,False,True,customer,0,3
SZSE:000066,True,False,supplier,4,0
SZSE:000069,False,True,customer,0,1
SZSE:000089,True,False,supplier,1,0
SZSE:000155,True,False,supplier,1,0
SZSE:000157,False,True,customer,0,1
SZSE:000158,True,False,supplier,1,0
SZSE:000333,False,True,customer,0,1
SZSE:000338,True,True,both,5,1
SZSE:000400,True,False,supplier,1,0
SZSE:000404,True,True,both,1,1
SZSE:000407,True,False,supplier,1,0
SZSE:000408,True,False,supplier,1,0
SZSE:000409,True,False,supplier,1,0
SZSE:000410,True,False,supplier,1,0
SZSE:000417,False,True,customer,0,1
SZSE:000420,True,True,both,1,1
SZSE:000425,False,True,customer,0,1
SZSE:000488,True,False,supplier,3,0
SZSE:000507,True,False,supplier,1,0
SZSE:000518,True,False,supplier,1,0
SZSE:000520,True,False,supplier,1,0
SZSE:000521,False,True,customer,0,1
SZSE:000538,True,False,supplier,3,0
SZSE:000539,False,True,customer,0,1
SZSE:000550,False,True,customer,0,1
SZSE:000554,False,True,customer,0,1
SZSE:000559,True,True,both,2,1
SZSE:000572,False,True,customer,0,3
SZSE:000581,True,False,supplier,1,0
SZSE:000595,False,True,customer,0,2
SZSE:000597,True,False,supplier,2,0
SZSE:000598,False,True,customer,0,1
SZSE:000610,False,True,customer,0,1
SZSE:000622,True,False,supplier,1,0
SZSE:000625,False,True,customer,0,1
SZSE:000626,True,True,both,1,1
SZSE:000629,True,True,both,1,1
SZSE:000630,True,False,supplier,1,0
SZSE:000650,False,True,customer,0,1
SZSE:000652,False,True,customer,0,1
SZSE:000656,False,True,customer,0,1
SZSE:000657,True,True,both,1,1
SZSE:000668,True,False,supplier,1,0
SZSE:000677,False,True,customer,0,1
SZSE:000678,True,False,supplier,1,0
SZSE:000680,False,True,customer,0,1
SZSE:000683,True,False,supplier,2,0
SZSE:000686,False,True,customer,0,1
SZSE:000688,True,False,supplier,1,0
SZSE:000705,False,True,customer,0,1
SZSE:000708,True,False,supplier,5,0
SZSE:000709,True,True,both,3,7
SZSE:000710,True,False,supplier,1,0
SZSE:000723,True,True,both,2,1
SZSE:000748,True,True,both,1,1
SZSE:000751,True,False,supplier,2,0
SZSE:000761,True,False,supplier,1,0
SZSE:000768,False,True,customer,0,1
SZSE:000778,True,True,both,3,1
SZSE:000782,True,False,supplier,1,0
SZSE:000789,False,True,customer,0,1
SZSE:000791,False,True,customer,0,1
SZSE:000792,True,False,supplier,3,0
SZSE:000795,True,False,supplier,1,0
SZSE:000796,True,True,both,1,1
SZSE:000800,True,True,both,2,5
SZSE:000803,False,True,customer,0,1
SZSE:000806,False,True,customer,0,1
SZSE:000807,True,True,both,1,1
SZSE:000818,True,False,supplier,1,0
SZSE:000825,True,True,both,3,1
SZSE:000833,False,True,customer,0,1
SZSE:000848,False,True,customer,0,1
SZSE:000850,True,False,supplier,1,0
SZSE:000862,False,True,customer,0,1
SZSE:000875,False,True,customer,0,1
SZSE:000876,True,True,both,2,1
SZSE:000878,True,False,supplier,2,0
SZSE:000880,False,True,customer,0,1
SZSE:000882,True,False,supplier,1,0
SZSE:000895,False,True,customer,0,1
SZSE:000898,True,True,both,5,6
SZSE:000902,False,True,customer,0,1
SZSE:000903,False,True,customer,0,1
SZSE:000906,True,False,supplier,1,0
SZSE:000911,True,False,supplier,1,0
SZSE:000912,True,False,supplier,1,0
SZSE:000922,False,True,customer,0,1
SZSE:000923,True,True,both,1,1
SZSE:000927,False,True,customer,0,1
SZSE:000929,True,False,supplier,2,0
SZSE:000937,True,False,supplier,1,0
SZSE:000938,True,True,both,1,1
SZSE:000939,False,True,customer,0,1
SZSE:000949,True,False,supplier,1,0
SZSE:000950,False,True,customer,0,3
SZSE:000951,True,True,both,1,3
SZSE:000957,False,True,customer,0,1
SZSE:000961,True,False,supplier,1,0
SZSE:000963,False,True,customer,0,3
SZSE:000982,False,True,customer,0,1
SZSE:000983,True,False,supplier,3,0
SZSE:000997,False,True,customer,0,1
SZSE:001289,False,True,customer,0,1
SZSE:001896,False,True,customer,0,1
SZSE:002007,False,True,customer,0,1
SZSE:002008,False,True,customer,0,1
SZSE:002024,True,False,supplier,1,0
SZSE:002030,True,False,supplier,1,0
SZSE:002034,False,True,customer,0,1
SZSE:002045,False,True,customer,0,1
SZSE:002048,True,True,both,1,1
SZSE:002064,False,True,customer,0,1
SZSE:002065,True,False,supplier,3,0
SZSE:002075,False,True,customer,0,1
SZSE:002080,True,False,supplier,1,0
SZSE:002089,True,True,both,1,1
SZSE:002090,False,True,customer,0,1
SZSE:002091,False,True,customer,0,1
SZSE:002092,True,False,supplier,1,0
SZSE:002096,False,True,customer,0,1
SZSE:002097,False,True,customer,0,1
SZSE:002115,False,True,customer,0,1
SZSE:002119,True,False,supplier,1,0
SZSE:002122,False,True,customer,0,1
SZSE:002127,False,True,customer,0,2
SZSE:002128,True,False,supplier,1,0
SZSE:002140,False,True,customer,0,1
SZSE:002150,True,False,supplier,1,0
SZSE:002152,True,False,supplier,1,0
SZSE:002156,False,True,customer,0,1
SZSE:002171,False,True,customer,0,1
SZSE:002182,True,True,both,1,1
SZSE:002192,True,False,supplier,1,0
SZSE:002193,True,False,supplier,1,0
SZSE:002202,True,True,both,6,1
SZSE:002204,False,True,customer,0,2
SZSE:002208,True,False,supplier,1,0
SZSE:002225,True,False,supplier,2,0
SZSE:002232,True,False,supplier,1,0
SZSE:002238,False,True,customer,0,1
SZSE:002240,True,False,supplier,1,0
SZSE:002241,False,True,customer,0,1
SZSE:002260,False,True,customer,0,1
SZSE:002261,False,True,customer,0,1
SZSE:002265,True,False,supplier,1,0
SZSE:002277,False,True,customer,0,1
SZSE:002285,True,False,supplier,2,0
SZSE:002296,False,True,customer,0,1
SZSE:002300,False,True,customer,0,2
SZSE:002301,True,False,supplier,1,0
SZSE:002302,False,True,customer,0,1
SZSE:002306,True,False,supplier,1,0
SZSE:002309,True,True,both,1,1
SZSE:002310,False,True,customer,0,1
SZSE:002312,True,True,both,2,1
SZSE:002318,False,True,customer,0,1
SZSE:002325,True,False,supplier,1,0
SZSE:002339,False,True,customer,0,1
SZSE:002350,False,True,customer,0,1
SZSE:002368,False,True,customer,0,1
SZSE:002373,False,True,customer,0,1
SZSE:002381,True,False,supplier,1,0
SZSE:002390,False,True,customer,0,1
SZSE:002407,True,False,supplier,1,0
SZSE:002419,False,True,customer,0,3
SZSE:002421,True,True,both,1,2
SZSE:002430,True,False,supplier,1,0
SZSE:002433,False,True,customer,0,1
SZSE:002434,True,False,supplier,1,0
SZSE:002441,True,False,supplier,2,0
SZSE:002444,False,True,customer,0,1
SZSE:002465,True,False,supplier,1,0
SZSE:002466,False,True,customer,0,1
SZSE:002468,False,True,customer,0,1
SZSE:002469,True,False,supplier,1,0
SZSE:002482,True,False,supplier,1,0
SZSE:002484,True,True,both,1,1
SZSE:002488,False,True,customer,0,1
SZSE:002494,True,False,supplier,1,0
SZSE:002506,True,True,both,1,1
SZSE:002533,True,False,supplier,2,0
SZSE:002539,False,True,customer,0,2
SZSE:002542,True,False,supplier,1,0
SZSE:002549,True,False,supplier,1,0
SZSE:002552,False,True,customer,0,1
SZSE:002554,False,True,customer,0,1
SZSE:002557,False,True,customer,0,1
SZSE:002560,True,False,supplier,1,0
SZSE:002564,False,True,customer,0,1
SZSE:002574,False,True,customer,0,1
SZSE:002588,False,True,customer,0,2
SZSE:002589,False,True,customer,0,1
SZSE:002594,False,True,customer,0,4
SZSE:002605,False,True,customer,0,1
SZSE:002612,False,True,customer,0,1
SZSE:002613,True,False,supplier,1,0
SZSE:002614,False,True,customer,0,1
SZSE:002633,True,False,supplier,1,0
SZSE:002637,False,True,customer,0,1
SZSE:002642,True,False,supplier,2,0
SZSE:002652,True,False,supplier,1,0
SZSE:002656,True,False,supplier,1,0
SZSE:002657,True,True,both,1,1
SZSE:002662,True,True,both,1,2
SZSE:002667,True,True,both,1,1
SZSE:002682,True,False,supplier,1,0
SZSE:002687,False,True,customer,0,1
SZSE:002693,False,True,customer,0,1
SZSE:002701,True,False,supplier,1,0
SZSE:002703,True,False,supplier,3,0
SZSE:002707,True,False,supplier,1,0
SZSE:002716,True,False,supplier,1,0
SZSE:002719,False,True,customer,0,2
SZSE:002721,True,False,supplier,1,0
SZSE:002726,False,True,customer,0,1
SZSE:002756,True,False,supplier,1,0
SZSE:002778,True,False,supplier,2,0
SZSE:002783,True,False,supplier,1,0
SZSE:002788,False,True,customer,0,2
SZSE:002806,False,True,customer,0,1
SZSE:002816,True,False,supplier,1,0
SZSE:002827,True,False,supplier,2,0
SZSE:002857,False,True,customer,0,1
SZSE:002879,False,True,customer,0,1
SZSE:002903,True,False,supplier,1,0
SZSE:002906,True,False,supplier,1,0
SZSE:002912,True,False,supplier,1,0
SZSE:002921,True,False,supplier,1,0
SZSE:002943,True,False,supplier,2,0
SZSE:002987,True,False,supplier,2,0
SZSE:002989,True,False,supplier,1,0
SZSE:003030,True,False,supplier,1,0
SZSE:003816,False,True,customer,0,2
SZSE:300013,False,True,customer,0,1
SZSE:300015,False,True,customer,0,1
SZSE:300017,True,False,supplier,1,0
SZSE:300021,False,True,customer,0,1
SZSE:300031,True,False,supplier,1,0
SZSE:300038,False,True,customer,0,1
SZSE:300040,False,True,customer,0,1
SZSE:300057,False,True,customer,0,2
SZSE:300081,True,False,supplier,1,0
SZSE:300085,True,False,supplier,1,0
SZSE:300090,True,False,supplier,1,0
SZSE:300095,True,False,supplier,2,0
SZSE:300096,True,False,supplier,1,0
SZSE:300100,False,True,customer,0,1
SZSE:300106,True,False,supplier,1,0
SZSE:300110,True,False,supplier,1,0
SZSE:300120,False,True,customer,0,1
SZSE:300139,True,False,supplier,1,0
SZSE:300152,True,False,supplier,1,0
SZSE:300159,False,True,customer,0,1
SZSE:300160,True,False,supplier,2,0
SZSE:300168,False,True,customer,0,1
SZSE:300171,True,False,supplier,2,0
SZSE:300172,True,False,supplier,1,0
SZSE:300175,True,False,supplier,1,0
SZSE:300185,True,False,supplier,1,0
SZSE:300188,False,True,customer,0,1
SZSE:300213,True,False,supplier,2,0
SZSE:300215,True,False,supplier,1,0
SZSE:300218,True,False,supplier,1,0
SZSE:300231,True,False,supplier,4,0
SZSE:300245,True,False,supplier,1,0
SZSE:300253,True,True,both,1,1
SZSE:300264,True,False,supplier,1,0
SZSE:300266,True,False,supplier,1,0
SZSE:300271,False,True,customer,0,1
SZSE:300274,False,True,customer,0,1
SZSE:300275,False,True,customer,0,1
SZSE:300288,False,True,customer,0,1
SZSE:300297,True,False,supplier,1,0
SZSE:300313,True,False,supplier,1,0
SZSE:300322,True,False,supplier,1,0
SZSE:300330,True,False,supplier,1,0
SZSE:300337,True,False,supplier,1,0
SZSE:300355,False,True,customer,0,1
SZSE:300358,True,True,both,2,1
SZSE:300362,False,True,customer,0,1
SZSE:300364,True,False,supplier,1,0
SZSE:300375,True,False,supplier,3,0
SZSE:300376,True,False,supplier,1,0
SZSE:300377,True,False,supplier,5,0
SZSE:300379,True,False,supplier,2,0
SZSE:300380,True,False,supplier,4,0
SZSE:300381,True,False,supplier,1,0
SZSE:300387,True,False,supplier,1,0
SZSE:300397,True,False,supplier,1,0
SZSE:300421,False,True,customer,0,1
SZSE:300422,False,True,customer,0,1
SZSE:300423,False,True,customer,0,1
SZSE:300430,False,True,customer,0,2
SZSE:300432,True,False,supplier,1,0
SZSE:300433,False,True,customer,0,2
SZSE:300434,True,False,supplier,1,0
SZSE:300448,True,False,supplier,1,0
SZSE:300459,False,True,customer,0,1
SZSE:300462,True,False,supplier,1,0
SZSE:300466,True,False,supplier,2,0
SZSE:300473,True,False,supplier,2,0
SZSE:300477,True,False,supplier,2,0
SZSE:300478,True,False,supplier,1,0
SZSE:300479,True,False,supplier,3,0
SZSE:300485,True,False,supplier,1,0
SZSE:300498,False,True,customer,0,1
SZSE:300504,True,False,supplier,3,0
SZSE:300527,True,True,both,1,3
SZSE:300536,True,False,supplier,1,0
SZSE:300558,True,False,supplier,1,0
SZSE:300560,True,False,supplier,2,0
SZSE:300569,True,True,both,1,1
SZSE:300578,False,True,customer,0,1
SZSE:300585,True,False,supplier,1,0
SZSE:300621,True,False,supplier,1,0
SZSE:300624,False,True,customer,0,1
SZSE:300630,True,False,supplier,2,0
SZSE:300652,False,True,customer,0,1
SZSE:300692,False,True,customer,0,1
SZSE:300767,False,True,customer,0,1
SZSE:300770,True,False,supplier,1,0
SZSE:300772,False,True,customer,0,1
SZSE:300786,False,True,customer,0,1
SZSE:300838,True,False,supplier,2,0
SZSE:300850,False,True,customer,0,1
SZSE:300876,True,False,supplier,1,0
SZSE:300887,False,True,customer,0,1
SZSE:300907,False,True,customer,0,1
SZSE:300920,True,False,supplier,1,0
SZSE:300983,True,False,supplier,1,0
SZSE:300985,True,False,supplier,1,0
SZSE:300991,True,False,supplier,1,0
SZSE:300999,True,False,supplier,1,0
SZSE:301040,True,False,supplier,1,0
SZSE:301075,True,False,supplier,1,0
SZSE:301081,False,True,customer,0,1
SZSE:301096,False,True,customer,0,1
SZSE:301100,True,False,supplier,1,0
SZSE:301127,False,True,customer,0,1
SZSE:301130,True,False,supplier,1,0
SZSE:301148,True,False,supplier,1,0
